{"cameraMode":{"drawMode":0,"name":"Shaded","section":"Shading Mode"},"sceneLighting":false,"audioPlay":false,"sceneViewState":{"m_AlwaysRefresh":false,"showFog":true,"showSkybox":false,"showFlares":true,"showImageEffects":true,"showParticleSystems":true,"showVisualEffectGraphs":true,"m_FxEnabled":true},"in2DMode":false,"pivot":{"x":0.000004231929779052734,"y":0.6183409690856934,"z":-0.19429242610931397},"rotation":{"x":-0.07966823130846024,"y":0.8778637051582336,"z":-0.15703395009040833,"w":-0.44537198543548586},"size":0.8485703468322754,"orthographic":false}